first_name,last_name,age,job
Theda,Laugheran,51,Account Representative II
Bobby,Oene,54,Mechanical Systems Engineer
Charlean,Whistlecraft,75,Business Systems Development Analyst
Fairfax,Lackinton,17,Clinical Specialist
Cletis,Gomar,16,Desktop Support Technician
Clare,Handman,48,Software Consultant
Helenelizabeth,Cheley,40,Account Coordinator
Ray,Kipling,11,Developer IV
Natty,Barwell,39,VP Quality Control
Terrell,Westmancoat,14,Engineer III
Simmonds,Gourley,57,Senior Editor
Codee,Brimming,32,Geological Engineer
Vinnie,Danniel,39,Speech Pathologist
Sholom,Kintzel,56,Health Coach III
Nelson,Brazear,29,Graphic Designer
Pail,Woodroof,27,Research Associate
Gilli,Barlie,22,Social Worker
Crissie,Stille,3,Biostatistician IV
Ilario,Dufour,32,Technical Writer
Rabi,Dawtre,54,Budget/Accounting Analyst II
Evin,Wakerley,63,Programmer Analyst IV
Corena,Dorricott,24,Recruiter
Murvyn,Burley,24,VP Accounting
Ronny,Duffyn,79,Developer III
Hector,Yeaman,10,Accountant IV
Fayina,Scrafton,5,Recruiter
Clarence,Albasiny,54,VP Product Management
Cal,Bysouth,79,Community Outreach Specialist
Sabrina,Strowan,30,Recruiting Manager
Terrance,MacAnellye,23,Director of Sales
Fidelio,Kibbe,6,Technical Writer
Willis,Loades,70,Librarian
Cher,Hardy-Piggin,34,Dental Hygienist
Evelina,Ghelerdini,61,Human Resources Manager
Jacki,Darbon,46,Information Systems Manager
Andonis,Manie,67,Desktop Support Technician
Romain,Fettiplace,23,Marketing Manager
Spencer,Grimmolby,39,Payment Adjustment Coordinator
Duncan,Mousley,2,Nurse
Maritsa,Kerner,24,Payment Adjustment Coordinator
